Family,Control,Property,Meaning,Confidence,Primary source URL
Modern,Avatar,PROPERTY SET NOT YET FULLY HARVESTED,"Individual Microsoft page exists or is inferred from docs tree, but exact property list needs extraction from Learn/GitHub and Studio code view.",Gap flagged,https://learn.microsoft.com/en-us/power-apps/maker/canvas-apps/controls/modern-controls/modern-control-avatar
Modern,Badge,PROPERTY SET NOT YET FULLY HARVESTED,"Individual Microsoft page exists or is inferred from docs tree, but exact property list needs extraction from Learn/GitHub and Studio code view.",Gap flagged,https://learn.microsoft.com/en-us/power-apps/maker/canvas-apps/controls/modern-controls/modern-control-badge
Modern,Button,Text,"Displayed text or current typed text, depending on control.",High,https://learn.microsoft.com/en-us/power-apps/maker/canvas-apps/controls/modern-controls/modern-control-button
Modern,Button,Visible,Whether the control is shown.,High,https://learn.microsoft.com/en-us/power-apps/maker/canvas-apps/controls/modern-controls/modern-control-button
Modern,Button,OnSelect,Formula run when user selects/clicks/taps a control.,High,https://learn.microsoft.com/en-us/power-apps/maker/canvas-apps/controls/modern-controls/modern-control-button
Modern,Button,DisplayMode,Interaction state of control.,High,https://learn.microsoft.com/en-us/power-apps/maker/canvas-apps/controls/modern-controls/modern-control-button
Modern,Button,X,Horizontal position.,High,https://learn.microsoft.com/en-us/power-apps/maker/canvas-apps/controls/modern-controls/modern-control-button
Modern,Button,Y,Vertical position.,High,https://learn.microsoft.com/en-us/power-apps/maker/canvas-apps/controls/modern-controls/modern-control-button
Modern,Button,Width,Control width.,High,https://learn.microsoft.com/en-us/power-apps/maker/canvas-apps/controls/modern-controls/modern-control-button
Modern,Button,Height,Control height.,High,https://learn.microsoft.com/en-us/power-apps/maker/canvas-apps/controls/modern-controls/modern-control-button
Modern,Button,Align,Horizontal text/content alignment.,High,https://learn.microsoft.com/en-us/power-apps/maker/canvas-apps/controls/modern-controls/modern-control-button
Modern,Button,VerticalAlign,Vertical text/content alignment.,High,https://learn.microsoft.com/en-us/power-apps/maker/canvas-apps/controls/modern-controls/modern-control-button
Modern,Button,PaddingTop,Internal top spacing.,High,https://learn.microsoft.com/en-us/power-apps/maker/canvas-apps/controls/modern-controls/modern-control-button
Modern,Button,PaddingBottom,Internal bottom spacing.,High,https://learn.microsoft.com/en-us/power-apps/maker/canvas-apps/controls/modern-controls/modern-control-button
Modern,Button,PaddingLeft,Internal left spacing.,High,https://learn.microsoft.com/en-us/power-apps/maker/canvas-apps/controls/modern-controls/modern-control-button
Modern,Button,PaddingRight,Internal right spacing.,High,https://learn.microsoft.com/en-us/power-apps/maker/canvas-apps/controls/modern-controls/modern-control-button
Modern,Button,Appearance,Modern visual style variant.,High,https://learn.microsoft.com/en-us/power-apps/maker/canvas-apps/controls/modern-controls/modern-control-button
Modern,Button,BasePaletteColor,Modern theme palette base colour.,High,https://learn.microsoft.com/en-us/power-apps/maker/canvas-apps/controls/modern-controls/modern-control-button
Modern,Button,Icon,Icon name or icon value.,High,https://learn.microsoft.com/en-us/power-apps/maker/canvas-apps/controls/modern-controls/modern-control-button
Modern,Button,IconStyle,Modern icon style.,High,https://learn.microsoft.com/en-us/power-apps/maker/canvas-apps/controls/modern-controls/modern-control-button
Modern,Button,IconRotation,Rotation applied to icon.,High,https://learn.microsoft.com/en-us/power-apps/maker/canvas-apps/controls/modern-controls/modern-control-button
Modern,Button,Layout,Arrangement of icon/text or options.,High,https://learn.microsoft.com/en-us/power-apps/maker/canvas-apps/controls/modern-controls/modern-control-button
Modern,Button,Font,Font family.,High,https://learn.microsoft.com/en-us/power-apps/maker/canvas-apps/controls/modern-controls/modern-control-button
Modern,Button,Size,Text size.,High,https://learn.microsoft.com/en-us/power-apps/maker/canvas-apps/controls/modern-controls/modern-control-button
Modern,Button,Color,Text/foreground colour.,High,https://learn.microsoft.com/en-us/power-apps/maker/canvas-apps/controls/modern-controls/modern-control-button
Modern,Button,FontWeight,Weight of text.,High,https://learn.microsoft.com/en-us/power-apps/maker/canvas-apps/controls/modern-controls/modern-control-button
Modern,Button,Italic,Italic text.,High,https://learn.microsoft.com/en-us/power-apps/maker/canvas-apps/controls/modern-controls/modern-control-button
Modern,Button,Underline,Underlined text.,High,https://learn.microsoft.com/en-us/power-apps/maker/canvas-apps/controls/modern-controls/modern-control-button
Modern,Button,Strikethrough,Strikethrough text.,High,https://learn.microsoft.com/en-us/power-apps/maker/canvas-apps/controls/modern-controls/modern-control-button
Modern,Button,BorderColor,Border colour.,High,https://learn.microsoft.com/en-us/power-apps/maker/canvas-apps/controls/modern-controls/modern-control-button
Modern,Button,BorderStyle,Border line style.,High,https://learn.microsoft.com/en-us/power-apps/maker/canvas-apps/controls/modern-controls/modern-control-button
Modern,Button,BorderThickness,Border width.,High,https://learn.microsoft.com/en-us/power-apps/maker/canvas-apps/controls/modern-controls/modern-control-button
Modern,Button,RadiusTopLeft,Top-left corner radius.,High,https://learn.microsoft.com/en-us/power-apps/maker/canvas-apps/controls/modern-controls/modern-control-button
Modern,Button,RadiusTopRight,Top-right corner radius.,High,https://learn.microsoft.com/en-us/power-apps/maker/canvas-apps/controls/modern-controls/modern-control-button
Modern,Button,RadiusBottomLeft,Bottom-left corner radius.,High,https://learn.microsoft.com/en-us/power-apps/maker/canvas-apps/controls/modern-controls/modern-control-button
Modern,Button,RadiusBottomRight,Bottom-right corner radius.,High,https://learn.microsoft.com/en-us/power-apps/maker/canvas-apps/controls/modern-controls/modern-control-button
Modern,Button,AccessibleLabel,Screen-reader label.,High,https://learn.microsoft.com/en-us/power-apps/maker/canvas-apps/controls/modern-controls/modern-control-button
Modern,Button,Tooltip,Hover/help text.,High,https://learn.microsoft.com/en-us/power-apps/maker/canvas-apps/controls/modern-controls/modern-control-button
Modern,Button,ContentLanguage,Language tag for control content.,High,https://learn.microsoft.com/en-us/power-apps/maker/canvas-apps/controls/modern-controls/modern-control-button
Modern,Card,PROPERTY SET NOT YET FULLY HARVESTED,"Individual Microsoft page exists or is inferred from docs tree, but exact property list needs extraction from Learn/GitHub and Studio code view.",Gap flagged,https://learn.microsoft.com/en-us/power-apps/maker/canvas-apps/controls/modern-controls/modern-control-card
Modern,Checkbox,PROPERTY SET NOT YET FULLY HARVESTED,"Individual Microsoft page exists or is inferred from docs tree, but exact property list needs extraction from Learn/GitHub and Studio code view.",Gap flagged,https://learn.microsoft.com/en-us/power-apps/maker/canvas-apps/controls/modern-controls/modern-control-checkbox
Modern,Combobox,Items,Table/list of records or values displayed by a selector/data control.,"Medium, needs per-control verification",https://learn.microsoft.com/en-us/power-apps/maker/canvas-apps/controls/modern-controls/modern-control-combobox
Modern,Combobox,DefaultSelectedItems,Initial selected records for multi-select controls.,"Medium, needs per-control verification",https://learn.microsoft.com/en-us/power-apps/maker/canvas-apps/controls/modern-controls/modern-control-combobox
Modern,Combobox,Selected,Currently selected record/item.,"Medium, needs per-control verification",https://learn.microsoft.com/en-us/power-apps/maker/canvas-apps/controls/modern-controls/modern-control-combobox
Modern,Combobox,SelectedItems,Selected records when multi-select is enabled.,"Medium, needs per-control verification",https://learn.microsoft.com/en-us/power-apps/maker/canvas-apps/controls/modern-controls/modern-control-combobox
Modern,Combobox,DisplayFields,Fields shown in list/search results.,"Medium, needs per-control verification",https://learn.microsoft.com/en-us/power-apps/maker/canvas-apps/controls/modern-controls/modern-control-combobox
Modern,Combobox,SearchFields,Fields searched by user input.,"Medium, needs per-control verification",https://learn.microsoft.com/en-us/power-apps/maker/canvas-apps/controls/modern-controls/modern-control-combobox
Modern,Combobox,SearchText,Current search text entered into searchable selector.,"Medium, needs per-control verification",https://learn.microsoft.com/en-us/power-apps/maker/canvas-apps/controls/modern-controls/modern-control-combobox
Modern,Combobox,OnChange,Formula run when a value changes.,"Medium, needs per-control verification",https://learn.microsoft.com/en-us/power-apps/maker/canvas-apps/controls/modern-controls/modern-control-combobox
Modern,Combobox,ValidationState,Validation visual state.,"Medium, needs per-control verification",https://learn.microsoft.com/en-us/power-apps/maker/canvas-apps/controls/modern-controls/modern-control-combobox
Modern,Combobox,DisplayMode,Interaction state of control.,"Medium, needs per-control verification",https://learn.microsoft.com/en-us/power-apps/maker/canvas-apps/controls/modern-controls/modern-control-combobox
Modern,Combobox,Visible,Whether the control is shown.,"Medium, needs per-control verification",https://learn.microsoft.com/en-us/power-apps/maker/canvas-apps/controls/modern-controls/modern-control-combobox
Modern,Combobox,X,Horizontal position.,"Medium, needs per-control verification",https://learn.microsoft.com/en-us/power-apps/maker/canvas-apps/controls/modern-controls/modern-control-combobox
Modern,Combobox,Y,Vertical position.,"Medium, needs per-control verification",https://learn.microsoft.com/en-us/power-apps/maker/canvas-apps/controls/modern-controls/modern-control-combobox
Modern,Combobox,Width,Control width.,"Medium, needs per-control verification",https://learn.microsoft.com/en-us/power-apps/maker/canvas-apps/controls/modern-controls/modern-control-combobox
Modern,Combobox,Height,Control height.,"Medium, needs per-control verification",https://learn.microsoft.com/en-us/power-apps/maker/canvas-apps/controls/modern-controls/modern-control-combobox
Modern,Combobox,AccessibleLabel,Screen-reader label.,"Medium, needs per-control verification",https://learn.microsoft.com/en-us/power-apps/maker/canvas-apps/controls/modern-controls/modern-control-combobox
Modern,Combobox,ContentLanguage,Language tag for control content.,"Medium, needs per-control verification",https://learn.microsoft.com/en-us/power-apps/maker/canvas-apps/controls/modern-controls/modern-control-combobox
Modern,Combobox,Appearance,Modern visual style variant.,"Medium, needs per-control verification",https://learn.microsoft.com/en-us/power-apps/maker/canvas-apps/controls/modern-controls/modern-control-combobox
Modern,Combobox,BasePaletteColor,Modern theme palette base colour.,"Medium, needs per-control verification",https://learn.microsoft.com/en-us/power-apps/maker/canvas-apps/controls/modern-controls/modern-control-combobox
Modern,Copilot answer,PROPERTY SET NOT YET FULLY HARVESTED,"Individual Microsoft page exists or is inferred from docs tree, but exact property list needs extraction from Learn/GitHub and Studio code view.",Gap flagged,https://learn.microsoft.com/en-us/power-apps/maker/canvas-apps/controls/modern-controls/modern-control-copilot-answer
Modern,Data Grid,Items,Table/list of records or values displayed by a selector/data control.,"Medium, needs per-control verification",https://learn.microsoft.com/en-us/power-apps/maker/canvas-apps/controls/modern-controls/modern-control-data-grid
Modern,Data Grid,Selected,Currently selected record/item.,"Medium, needs per-control verification",https://learn.microsoft.com/en-us/power-apps/maker/canvas-apps/controls/modern-controls/modern-control-data-grid
Modern,Data Grid,OnSelect,Formula run when user selects/clicks/taps a control.,"Medium, needs per-control verification",https://learn.microsoft.com/en-us/power-apps/maker/canvas-apps/controls/modern-controls/modern-control-data-grid
Modern,Data Grid,ReflowBehavior,Control-specific property. Definition should be verified against the current control page or Studio code view.,"Medium, needs per-control verification",https://learn.microsoft.com/en-us/power-apps/maker/canvas-apps/controls/modern-controls/modern-control-data-grid
Modern,Data Grid,Visible,Whether the control is shown.,"Medium, needs per-control verification",https://learn.microsoft.com/en-us/power-apps/maker/canvas-apps/controls/modern-controls/modern-control-data-grid
Modern,Data Grid,X,Horizontal position.,"Medium, needs per-control verification",https://learn.microsoft.com/en-us/power-apps/maker/canvas-apps/controls/modern-controls/modern-control-data-grid
Modern,Data Grid,Y,Vertical position.,"Medium, needs per-control verification",https://learn.microsoft.com/en-us/power-apps/maker/canvas-apps/controls/modern-controls/modern-control-data-grid
Modern,Data Grid,Width,Control width.,"Medium, needs per-control verification",https://learn.microsoft.com/en-us/power-apps/maker/canvas-apps/controls/modern-controls/modern-control-data-grid
Modern,Data Grid,Height,Control height.,"Medium, needs per-control verification",https://learn.microsoft.com/en-us/power-apps/maker/canvas-apps/controls/modern-controls/modern-control-data-grid
Modern,Data Grid,AccessibleLabel,Screen-reader label.,"Medium, needs per-control verification",https://learn.microsoft.com/en-us/power-apps/maker/canvas-apps/controls/modern-controls/modern-control-data-grid
Modern,Data Grid,ContentLanguage,Language tag for control content.,"Medium, needs per-control verification",https://learn.microsoft.com/en-us/power-apps/maker/canvas-apps/controls/modern-controls/modern-control-data-grid
Modern,Date picker,SelectedDate,Control-specific property. Definition should be verified against the current control page or Studio code view.,"Medium, needs per-control verification",https://learn.microsoft.com/en-us/power-apps/maker/canvas-apps/controls/modern-controls/modern-control-date-picker
Modern,Date picker,DefaultSelectedDate,Control-specific property. Definition should be verified against the current control page or Studio code view.,"Medium, needs per-control verification",https://learn.microsoft.com/en-us/power-apps/maker/canvas-apps/controls/modern-controls/modern-control-date-picker
Modern,Date picker,MinDate,Control-specific property. Definition should be verified against the current control page or Studio code view.,"Medium, needs per-control verification",https://learn.microsoft.com/en-us/power-apps/maker/canvas-apps/controls/modern-controls/modern-control-date-picker
Modern,Date picker,MaxDate,Control-specific property. Definition should be verified against the current control page or Studio code view.,"Medium, needs per-control verification",https://learn.microsoft.com/en-us/power-apps/maker/canvas-apps/controls/modern-controls/modern-control-date-picker
Modern,Date picker,Format,Data/text format.,"Medium, needs per-control verification",https://learn.microsoft.com/en-us/power-apps/maker/canvas-apps/controls/modern-controls/modern-control-date-picker
Modern,Date picker,OnChange,Formula run when a value changes.,"Medium, needs per-control verification",https://learn.microsoft.com/en-us/power-apps/maker/canvas-apps/controls/modern-controls/modern-control-date-picker
Modern,Date picker,ValidationState,Validation visual state.,"Medium, needs per-control verification",https://learn.microsoft.com/en-us/power-apps/maker/canvas-apps/controls/modern-controls/modern-control-date-picker
Modern,Date picker,DisplayMode,Interaction state of control.,"Medium, needs per-control verification",https://learn.microsoft.com/en-us/power-apps/maker/canvas-apps/controls/modern-controls/modern-control-date-picker
Modern,Date picker,Visible,Whether the control is shown.,"Medium, needs per-control verification",https://learn.microsoft.com/en-us/power-apps/maker/canvas-apps/controls/modern-controls/modern-control-date-picker
Modern,Date picker,X,Horizontal position.,"Medium, needs per-control verification",https://learn.microsoft.com/en-us/power-apps/maker/canvas-apps/controls/modern-controls/modern-control-date-picker
Modern,Date picker,Y,Vertical position.,"Medium, needs per-control verification",https://learn.microsoft.com/en-us/power-apps/maker/canvas-apps/controls/modern-controls/modern-control-date-picker
Modern,Date picker,Width,Control width.,"Medium, needs per-control verification",https://learn.microsoft.com/en-us/power-apps/maker/canvas-apps/controls/modern-controls/modern-control-date-picker
Modern,Date picker,Height,Control height.,"Medium, needs per-control verification",https://learn.microsoft.com/en-us/power-apps/maker/canvas-apps/controls/modern-controls/modern-control-date-picker
Modern,Date picker,AccessibleLabel,Screen-reader label.,"Medium, needs per-control verification",https://learn.microsoft.com/en-us/power-apps/maker/canvas-apps/controls/modern-controls/modern-control-date-picker
Modern,Date picker,ContentLanguage,Language tag for control content.,"Medium, needs per-control verification",https://learn.microsoft.com/en-us/power-apps/maker/canvas-apps/controls/modern-controls/modern-control-date-picker
Modern,Date picker,Appearance,Modern visual style variant.,"Medium, needs per-control verification",https://learn.microsoft.com/en-us/power-apps/maker/canvas-apps/controls/modern-controls/modern-control-date-picker
Modern,Date picker,BasePaletteColor,Modern theme palette base colour.,"Medium, needs per-control verification",https://learn.microsoft.com/en-us/power-apps/maker/canvas-apps/controls/modern-controls/modern-control-date-picker
Modern,Dropdown,Items,Table/list of records or values displayed by a selector/data control.,"Medium, needs per-control verification",https://learn.microsoft.com/en-us/power-apps/maker/canvas-apps/controls/modern-controls/modern-control-dropdown
Modern,Dropdown,Default,Initial value for an input/control before user interaction or reset.,"Medium, needs per-control verification",https://learn.microsoft.com/en-us/power-apps/maker/canvas-apps/controls/modern-controls/modern-control-dropdown
Modern,Dropdown,Selected,Currently selected record/item.,"Medium, needs per-control verification",https://learn.microsoft.com/en-us/power-apps/maker/canvas-apps/controls/modern-controls/modern-control-dropdown
Modern,Dropdown,OnChange,Formula run when a value changes.,"Medium, needs per-control verification",https://learn.microsoft.com/en-us/power-apps/maker/canvas-apps/controls/modern-controls/modern-control-dropdown
Modern,Dropdown,ValidationState,Validation visual state.,"Medium, needs per-control verification",https://learn.microsoft.com/en-us/power-apps/maker/canvas-apps/controls/modern-controls/modern-control-dropdown
Modern,Dropdown,DisplayMode,Interaction state of control.,"Medium, needs per-control verification",https://learn.microsoft.com/en-us/power-apps/maker/canvas-apps/controls/modern-controls/modern-control-dropdown
Modern,Dropdown,Visible,Whether the control is shown.,"Medium, needs per-control verification",https://learn.microsoft.com/en-us/power-apps/maker/canvas-apps/controls/modern-controls/modern-control-dropdown
Modern,Dropdown,X,Horizontal position.,"Medium, needs per-control verification",https://learn.microsoft.com/en-us/power-apps/maker/canvas-apps/controls/modern-controls/modern-control-dropdown
Modern,Dropdown,Y,Vertical position.,"Medium, needs per-control verification",https://learn.microsoft.com/en-us/power-apps/maker/canvas-apps/controls/modern-controls/modern-control-dropdown
Modern,Dropdown,Width,Control width.,"Medium, needs per-control verification",https://learn.microsoft.com/en-us/power-apps/maker/canvas-apps/controls/modern-controls/modern-control-dropdown
Modern,Dropdown,Height,Control height.,"Medium, needs per-control verification",https://learn.microsoft.com/en-us/power-apps/maker/canvas-apps/controls/modern-controls/modern-control-dropdown
Modern,Dropdown,AccessibleLabel,Screen-reader label.,"Medium, needs per-control verification",https://learn.microsoft.com/en-us/power-apps/maker/canvas-apps/controls/modern-controls/modern-control-dropdown
Modern,Dropdown,ContentLanguage,Language tag for control content.,"Medium, needs per-control verification",https://learn.microsoft.com/en-us/power-apps/maker/canvas-apps/controls/modern-controls/modern-control-dropdown
Modern,Dropdown,Appearance,Modern visual style variant.,"Medium, needs per-control verification",https://learn.microsoft.com/en-us/power-apps/maker/canvas-apps/controls/modern-controls/modern-control-dropdown
Modern,Dropdown,BasePaletteColor,Modern theme palette base colour.,"Medium, needs per-control verification",https://learn.microsoft.com/en-us/power-apps/maker/canvas-apps/controls/modern-controls/modern-control-dropdown
Modern,Header,PROPERTY SET NOT YET FULLY HARVESTED,"Individual Microsoft page exists or is inferred from docs tree, but exact property list needs extraction from Learn/GitHub and Studio code view.",Gap flagged,https://learn.microsoft.com/en-us/power-apps/maker/canvas-apps/controls/modern-controls/modern-control-header
Modern,Icon,Icon,Icon name or icon value.,"Medium, needs per-control verification",https://learn.microsoft.com/en-us/power-apps/maker/canvas-apps/controls/modern-controls/modern-control-icon
Modern,Icon,IconStyle,Modern icon style.,"Medium, needs per-control verification",https://learn.microsoft.com/en-us/power-apps/maker/canvas-apps/controls/modern-controls/modern-control-icon
Modern,Icon,IconRotation,Rotation applied to icon.,"Medium, needs per-control verification",https://learn.microsoft.com/en-us/power-apps/maker/canvas-apps/controls/modern-controls/modern-control-icon
Modern,Icon,DisplayMode,Interaction state of control.,"Medium, needs per-control verification",https://learn.microsoft.com/en-us/power-apps/maker/canvas-apps/controls/modern-controls/modern-control-icon
Modern,Icon,Visible,Whether the control is shown.,"Medium, needs per-control verification",https://learn.microsoft.com/en-us/power-apps/maker/canvas-apps/controls/modern-controls/modern-control-icon
Modern,Icon,X,Horizontal position.,"Medium, needs per-control verification",https://learn.microsoft.com/en-us/power-apps/maker/canvas-apps/controls/modern-controls/modern-control-icon
Modern,Icon,Y,Vertical position.,"Medium, needs per-control verification",https://learn.microsoft.com/en-us/power-apps/maker/canvas-apps/controls/modern-controls/modern-control-icon
Modern,Icon,Width,Control width.,"Medium, needs per-control verification",https://learn.microsoft.com/en-us/power-apps/maker/canvas-apps/controls/modern-controls/modern-control-icon
Modern,Icon,Height,Control height.,"Medium, needs per-control verification",https://learn.microsoft.com/en-us/power-apps/maker/canvas-apps/controls/modern-controls/modern-control-icon
Modern,Icon,Color,Text/foreground colour.,"Medium, needs per-control verification",https://learn.microsoft.com/en-us/power-apps/maker/canvas-apps/controls/modern-controls/modern-control-icon
Modern,Icon,BasePaletteColor,Modern theme palette base colour.,"Medium, needs per-control verification",https://learn.microsoft.com/en-us/power-apps/maker/canvas-apps/controls/modern-controls/modern-control-icon
Modern,Icon,AccessibleLabel,Screen-reader label.,"Medium, needs per-control verification",https://learn.microsoft.com/en-us/power-apps/maker/canvas-apps/controls/modern-controls/modern-control-icon
Modern,Icon,Tooltip,Hover/help text.,"Medium, needs per-control verification",https://learn.microsoft.com/en-us/power-apps/maker/canvas-apps/controls/modern-controls/modern-control-icon
Modern,Icon,ContentLanguage,Language tag for control content.,"Medium, needs per-control verification",https://learn.microsoft.com/en-us/power-apps/maker/canvas-apps/controls/modern-controls/modern-control-icon
Modern,Info button,PROPERTY SET NOT YET FULLY HARVESTED,"Individual Microsoft page exists or is inferred from docs tree, but exact property list needs extraction from Learn/GitHub and Studio code view.",Gap flagged,https://learn.microsoft.com/en-us/power-apps/maker/canvas-apps/controls/modern-controls/modern-control-info-button
Modern,Link,PROPERTY SET NOT YET FULLY HARVESTED,"Individual Microsoft page exists or is inferred from docs tree, but exact property list needs extraction from Learn/GitHub and Studio code view.",Gap flagged,https://learn.microsoft.com/en-us/power-apps/maker/canvas-apps/controls/modern-controls/modern-control-link
Modern,Number input,Value,Current numeric/Boolean/rating value.,"Medium, needs per-control verification",https://learn.microsoft.com/en-us/power-apps/maker/canvas-apps/controls/modern-controls/modern-control-number-input
Modern,Number input,Default,Initial value for an input/control before user interaction or reset.,"Medium, needs per-control verification",https://learn.microsoft.com/en-us/power-apps/maker/canvas-apps/controls/modern-controls/modern-control-number-input
Modern,Number input,Min,Control-specific property. Definition should be verified against the current control page or Studio code view.,"Medium, needs per-control verification",https://learn.microsoft.com/en-us/power-apps/maker/canvas-apps/controls/modern-controls/modern-control-number-input
Modern,Number input,Max,Control-specific property. Definition should be verified against the current control page or Studio code view.,"Medium, needs per-control verification",https://learn.microsoft.com/en-us/power-apps/maker/canvas-apps/controls/modern-controls/modern-control-number-input
Modern,Number input,Step,Control-specific property. Definition should be verified against the current control page or Studio code view.,"Medium, needs per-control verification",https://learn.microsoft.com/en-us/power-apps/maker/canvas-apps/controls/modern-controls/modern-control-number-input
Modern,Number input,OnChange,Formula run when a value changes.,"Medium, needs per-control verification",https://learn.microsoft.com/en-us/power-apps/maker/canvas-apps/controls/modern-controls/modern-control-number-input
Modern,Number input,ValidationState,Validation visual state.,"Medium, needs per-control verification",https://learn.microsoft.com/en-us/power-apps/maker/canvas-apps/controls/modern-controls/modern-control-number-input
Modern,Number input,DisplayMode,Interaction state of control.,"Medium, needs per-control verification",https://learn.microsoft.com/en-us/power-apps/maker/canvas-apps/controls/modern-controls/modern-control-number-input
Modern,Number input,Visible,Whether the control is shown.,"Medium, needs per-control verification",https://learn.microsoft.com/en-us/power-apps/maker/canvas-apps/controls/modern-controls/modern-control-number-input
Modern,Number input,X,Horizontal position.,"Medium, needs per-control verification",https://learn.microsoft.com/en-us/power-apps/maker/canvas-apps/controls/modern-controls/modern-control-number-input
Modern,Number input,Y,Vertical position.,"Medium, needs per-control verification",https://learn.microsoft.com/en-us/power-apps/maker/canvas-apps/controls/modern-controls/modern-control-number-input
Modern,Number input,Width,Control width.,"Medium, needs per-control verification",https://learn.microsoft.com/en-us/power-apps/maker/canvas-apps/controls/modern-controls/modern-control-number-input
Modern,Number input,Height,Control height.,"Medium, needs per-control verification",https://learn.microsoft.com/en-us/power-apps/maker/canvas-apps/controls/modern-controls/modern-control-number-input
Modern,Number input,AccessibleLabel,Screen-reader label.,"Medium, needs per-control verification",https://learn.microsoft.com/en-us/power-apps/maker/canvas-apps/controls/modern-controls/modern-control-number-input
Modern,Number input,ContentLanguage,Language tag for control content.,"Medium, needs per-control verification",https://learn.microsoft.com/en-us/power-apps/maker/canvas-apps/controls/modern-controls/modern-control-number-input
Modern,Number input,Appearance,Modern visual style variant.,"Medium, needs per-control verification",https://learn.microsoft.com/en-us/power-apps/maker/canvas-apps/controls/modern-controls/modern-control-number-input
Modern,Number input,BasePaletteColor,Modern theme palette base colour.,"Medium, needs per-control verification",https://learn.microsoft.com/en-us/power-apps/maker/canvas-apps/controls/modern-controls/modern-control-number-input
Modern,Progress bar,PROPERTY SET NOT YET FULLY HARVESTED,"Individual Microsoft page exists or is inferred from docs tree, but exact property list needs extraction from Learn/GitHub and Studio code view.",Gap flagged,https://learn.microsoft.com/en-us/power-apps/maker/canvas-apps/controls/modern-controls/modern-control-progress-bar
Modern,Radio group,Items,Table/list of records or values displayed by a selector/data control.,"Medium, needs per-control verification",https://learn.microsoft.com/en-us/power-apps/maker/canvas-apps/controls/modern-controls/modern-controls-radio-group
Modern,Radio group,Selected,Currently selected record/item.,"Medium, needs per-control verification",https://learn.microsoft.com/en-us/power-apps/maker/canvas-apps/controls/modern-controls/modern-controls-radio-group
Modern,Radio group,Default,Initial value for an input/control before user interaction or reset.,"Medium, needs per-control verification",https://learn.microsoft.com/en-us/power-apps/maker/canvas-apps/controls/modern-controls/modern-controls-radio-group
Modern,Radio group,OnChange,Formula run when a value changes.,"Medium, needs per-control verification",https://learn.microsoft.com/en-us/power-apps/maker/canvas-apps/controls/modern-controls/modern-controls-radio-group
Modern,Radio group,Layout,Arrangement of icon/text or options.,"Medium, needs per-control verification",https://learn.microsoft.com/en-us/power-apps/maker/canvas-apps/controls/modern-controls/modern-controls-radio-group
Modern,Radio group,ValidationState,Validation visual state.,"Medium, needs per-control verification",https://learn.microsoft.com/en-us/power-apps/maker/canvas-apps/controls/modern-controls/modern-controls-radio-group
Modern,Radio group,DisplayMode,Interaction state of control.,"Medium, needs per-control verification",https://learn.microsoft.com/en-us/power-apps/maker/canvas-apps/controls/modern-controls/modern-controls-radio-group
Modern,Radio group,Visible,Whether the control is shown.,"Medium, needs per-control verification",https://learn.microsoft.com/en-us/power-apps/maker/canvas-apps/controls/modern-controls/modern-controls-radio-group
Modern,Radio group,X,Horizontal position.,"Medium, needs per-control verification",https://learn.microsoft.com/en-us/power-apps/maker/canvas-apps/controls/modern-controls/modern-controls-radio-group
Modern,Radio group,Y,Vertical position.,"Medium, needs per-control verification",https://learn.microsoft.com/en-us/power-apps/maker/canvas-apps/controls/modern-controls/modern-controls-radio-group
Modern,Radio group,Width,Control width.,"Medium, needs per-control verification",https://learn.microsoft.com/en-us/power-apps/maker/canvas-apps/controls/modern-controls/modern-controls-radio-group
Modern,Radio group,Height,Control height.,"Medium, needs per-control verification",https://learn.microsoft.com/en-us/power-apps/maker/canvas-apps/controls/modern-controls/modern-controls-radio-group
Modern,Radio group,AccessibleLabel,Screen-reader label.,"Medium, needs per-control verification",https://learn.microsoft.com/en-us/power-apps/maker/canvas-apps/controls/modern-controls/modern-controls-radio-group
Modern,Radio group,ContentLanguage,Language tag for control content.,"Medium, needs per-control verification",https://learn.microsoft.com/en-us/power-apps/maker/canvas-apps/controls/modern-controls/modern-controls-radio-group
Modern,Radio group,Appearance,Modern visual style variant.,"Medium, needs per-control verification",https://learn.microsoft.com/en-us/power-apps/maker/canvas-apps/controls/modern-controls/modern-controls-radio-group
Modern,Radio group,BasePaletteColor,Modern theme palette base colour.,"Medium, needs per-control verification",https://learn.microsoft.com/en-us/power-apps/maker/canvas-apps/controls/modern-controls/modern-controls-radio-group
Modern,Rating,Value,Current numeric/Boolean/rating value.,"Medium, needs per-control verification",https://learn.microsoft.com/en-us/power-apps/maker/canvas-apps/controls/modern-controls/modern-control-rating
Modern,Rating,Default,Initial value for an input/control before user interaction or reset.,"Medium, needs per-control verification",https://learn.microsoft.com/en-us/power-apps/maker/canvas-apps/controls/modern-controls/modern-control-rating
Modern,Rating,Max,Control-specific property. Definition should be verified against the current control page or Studio code view.,"Medium, needs per-control verification",https://learn.microsoft.com/en-us/power-apps/maker/canvas-apps/controls/modern-controls/modern-control-rating
Modern,Rating,Precision,Control-specific property. Definition should be verified against the current control page or Studio code view.,"Medium, needs per-control verification",https://learn.microsoft.com/en-us/power-apps/maker/canvas-apps/controls/modern-controls/modern-control-rating
Modern,Rating,Icon,Icon name or icon value.,"Medium, needs per-control verification",https://learn.microsoft.com/en-us/power-apps/maker/canvas-apps/controls/modern-controls/modern-control-rating
Modern,Rating,OnChange,Formula run when a value changes.,"Medium, needs per-control verification",https://learn.microsoft.com/en-us/power-apps/maker/canvas-apps/controls/modern-controls/modern-control-rating
Modern,Rating,DisplayMode,Interaction state of control.,"Medium, needs per-control verification",https://learn.microsoft.com/en-us/power-apps/maker/canvas-apps/controls/modern-controls/modern-control-rating
Modern,Rating,Visible,Whether the control is shown.,"Medium, needs per-control verification",https://learn.microsoft.com/en-us/power-apps/maker/canvas-apps/controls/modern-controls/modern-control-rating
Modern,Rating,X,Horizontal position.,"Medium, needs per-control verification",https://learn.microsoft.com/en-us/power-apps/maker/canvas-apps/controls/modern-controls/modern-control-rating
Modern,Rating,Y,Vertical position.,"Medium, needs per-control verification",https://learn.microsoft.com/en-us/power-apps/maker/canvas-apps/controls/modern-controls/modern-control-rating
Modern,Rating,Width,Control width.,"Medium, needs per-control verification",https://learn.microsoft.com/en-us/power-apps/maker/canvas-apps/controls/modern-controls/modern-control-rating
Modern,Rating,Height,Control height.,"Medium, needs per-control verification",https://learn.microsoft.com/en-us/power-apps/maker/canvas-apps/controls/modern-controls/modern-control-rating
Modern,Rating,AccessibleLabel,Screen-reader label.,"Medium, needs per-control verification",https://learn.microsoft.com/en-us/power-apps/maker/canvas-apps/controls/modern-controls/modern-control-rating
Modern,Rating,ContentLanguage,Language tag for control content.,"Medium, needs per-control verification",https://learn.microsoft.com/en-us/power-apps/maker/canvas-apps/controls/modern-controls/modern-control-rating
Modern,Rating,Appearance,Modern visual style variant.,"Medium, needs per-control verification",https://learn.microsoft.com/en-us/power-apps/maker/canvas-apps/controls/modern-controls/modern-control-rating
Modern,Rating,BasePaletteColor,Modern theme palette base colour.,"Medium, needs per-control verification",https://learn.microsoft.com/en-us/power-apps/maker/canvas-apps/controls/modern-controls/modern-control-rating
Modern,Slider,Value,Current numeric/Boolean/rating value.,"Medium, needs per-control verification",https://learn.microsoft.com/en-us/power-apps/maker/canvas-apps/controls/modern-controls/modern-control-slider
Modern,Slider,Default,Initial value for an input/control before user interaction or reset.,"Medium, needs per-control verification",https://learn.microsoft.com/en-us/power-apps/maker/canvas-apps/controls/modern-controls/modern-control-slider
Modern,Slider,Min,Control-specific property. Definition should be verified against the current control page or Studio code view.,"Medium, needs per-control verification",https://learn.microsoft.com/en-us/power-apps/maker/canvas-apps/controls/modern-controls/modern-control-slider
Modern,Slider,Max,Control-specific property. Definition should be verified against the current control page or Studio code view.,"Medium, needs per-control verification",https://learn.microsoft.com/en-us/power-apps/maker/canvas-apps/controls/modern-controls/modern-control-slider
Modern,Slider,Step,Control-specific property. Definition should be verified against the current control page or Studio code view.,"Medium, needs per-control verification",https://learn.microsoft.com/en-us/power-apps/maker/canvas-apps/controls/modern-controls/modern-control-slider
Modern,Slider,OnChange,Formula run when a value changes.,"Medium, needs per-control verification",https://learn.microsoft.com/en-us/power-apps/maker/canvas-apps/controls/modern-controls/modern-control-slider
Modern,Slider,DisplayMode,Interaction state of control.,"Medium, needs per-control verification",https://learn.microsoft.com/en-us/power-apps/maker/canvas-apps/controls/modern-controls/modern-control-slider
Modern,Slider,Visible,Whether the control is shown.,"Medium, needs per-control verification",https://learn.microsoft.com/en-us/power-apps/maker/canvas-apps/controls/modern-controls/modern-control-slider
Modern,Slider,X,Horizontal position.,"Medium, needs per-control verification",https://learn.microsoft.com/en-us/power-apps/maker/canvas-apps/controls/modern-controls/modern-control-slider
Modern,Slider,Y,Vertical position.,"Medium, needs per-control verification",https://learn.microsoft.com/en-us/power-apps/maker/canvas-apps/controls/modern-controls/modern-control-slider
Modern,Slider,Width,Control width.,"Medium, needs per-control verification",https://learn.microsoft.com/en-us/power-apps/maker/canvas-apps/controls/modern-controls/modern-control-slider
Modern,Slider,Height,Control height.,"Medium, needs per-control verification",https://learn.microsoft.com/en-us/power-apps/maker/canvas-apps/controls/modern-controls/modern-control-slider
Modern,Slider,AccessibleLabel,Screen-reader label.,"Medium, needs per-control verification",https://learn.microsoft.com/en-us/power-apps/maker/canvas-apps/controls/modern-controls/modern-control-slider
Modern,Slider,ContentLanguage,Language tag for control content.,"Medium, needs per-control verification",https://learn.microsoft.com/en-us/power-apps/maker/canvas-apps/controls/modern-controls/modern-control-slider
Modern,Slider,Appearance,Modern visual style variant.,"Medium, needs per-control verification",https://learn.microsoft.com/en-us/power-apps/maker/canvas-apps/controls/modern-controls/modern-control-slider
Modern,Slider,BasePaletteColor,Modern theme palette base colour.,"Medium, needs per-control verification",https://learn.microsoft.com/en-us/power-apps/maker/canvas-apps/controls/modern-controls/modern-control-slider
Modern,Spinner,PROPERTY SET NOT YET FULLY HARVESTED,"Individual Microsoft page exists or is inferred from docs tree, but exact property list needs extraction from Learn/GitHub and Studio code view.",Gap flagged,https://learn.microsoft.com/en-us/power-apps/maker/canvas-apps/controls/modern-controls/modern-control-spinner
Modern,Stream,PROPERTY SET NOT YET FULLY HARVESTED,"Individual Microsoft page exists or is inferred from docs tree, but exact property list needs extraction from Learn/GitHub and Studio code view.",Gap flagged,https://learn.microsoft.com/en-us/power-apps/maker/canvas-apps/controls/modern-controls/modern-control-stream
Modern,Table,Items,Table/list of records or values displayed by a selector/data control.,"Medium, needs per-control verification",https://learn.microsoft.com/en-us/power-apps/maker/canvas-apps/controls/modern-controls/modern-control-table
Modern,Table,Selected,Currently selected record/item.,"Medium, needs per-control verification",https://learn.microsoft.com/en-us/power-apps/maker/canvas-apps/controls/modern-controls/modern-control-table
Modern,Table,OnSelect,Formula run when user selects/clicks/taps a control.,"Medium, needs per-control verification",https://learn.microsoft.com/en-us/power-apps/maker/canvas-apps/controls/modern-controls/modern-control-table
Modern,Table,ReflowBehavior,Control-specific property. Definition should be verified against the current control page or Studio code view.,"Medium, needs per-control verification",https://learn.microsoft.com/en-us/power-apps/maker/canvas-apps/controls/modern-controls/modern-control-table
Modern,Table,Visible,Whether the control is shown.,"Medium, needs per-control verification",https://learn.microsoft.com/en-us/power-apps/maker/canvas-apps/controls/modern-controls/modern-control-table
Modern,Table,X,Horizontal position.,"Medium, needs per-control verification",https://learn.microsoft.com/en-us/power-apps/maker/canvas-apps/controls/modern-controls/modern-control-table
Modern,Table,Y,Vertical position.,"Medium, needs per-control verification",https://learn.microsoft.com/en-us/power-apps/maker/canvas-apps/controls/modern-controls/modern-control-table
Modern,Table,Width,Control width.,"Medium, needs per-control verification",https://learn.microsoft.com/en-us/power-apps/maker/canvas-apps/controls/modern-controls/modern-control-table
Modern,Table,Height,Control height.,"Medium, needs per-control verification",https://learn.microsoft.com/en-us/power-apps/maker/canvas-apps/controls/modern-controls/modern-control-table
Modern,Table,AccessibleLabel,Screen-reader label.,"Medium, needs per-control verification",https://learn.microsoft.com/en-us/power-apps/maker/canvas-apps/controls/modern-controls/modern-control-table
Modern,Table,ContentLanguage,Language tag for control content.,"Medium, needs per-control verification",https://learn.microsoft.com/en-us/power-apps/maker/canvas-apps/controls/modern-controls/modern-control-table
Modern,Tabs or tab list,PROPERTY SET NOT YET FULLY HARVESTED,"Individual Microsoft page exists or is inferred from docs tree, but exact property list needs extraction from Learn/GitHub and Studio code view.",Gap flagged,https://learn.microsoft.com/en-us/power-apps/maker/canvas-apps/controls/modern-controls/modern-control-tabs-or-tabs-list
Modern,Text,Text,"Displayed text or current typed text, depending on control.","Medium, needs per-control verification",https://learn.microsoft.com/en-us/power-apps/maker/canvas-apps/controls/modern-controls/modern-control-text
Modern,Text,Size,Text size.,"Medium, needs per-control verification",https://learn.microsoft.com/en-us/power-apps/maker/canvas-apps/controls/modern-controls/modern-control-text
Modern,Text,Color,Text/foreground colour.,"Medium, needs per-control verification",https://learn.microsoft.com/en-us/power-apps/maker/canvas-apps/controls/modern-controls/modern-control-text
Modern,Text,Font,Font family.,"Medium, needs per-control verification",https://learn.microsoft.com/en-us/power-apps/maker/canvas-apps/controls/modern-controls/modern-control-text
Modern,Text,FontWeight,Weight of text.,"Medium, needs per-control verification",https://learn.microsoft.com/en-us/power-apps/maker/canvas-apps/controls/modern-controls/modern-control-text
Modern,Text,Italic,Italic text.,"Medium, needs per-control verification",https://learn.microsoft.com/en-us/power-apps/maker/canvas-apps/controls/modern-controls/modern-control-text
Modern,Text,Underline,Underlined text.,"Medium, needs per-control verification",https://learn.microsoft.com/en-us/power-apps/maker/canvas-apps/controls/modern-controls/modern-control-text
Modern,Text,Strikethrough,Strikethrough text.,"Medium, needs per-control verification",https://learn.microsoft.com/en-us/power-apps/maker/canvas-apps/controls/modern-controls/modern-control-text
Modern,Text,Align,Horizontal text/content alignment.,"Medium, needs per-control verification",https://learn.microsoft.com/en-us/power-apps/maker/canvas-apps/controls/modern-controls/modern-control-text
Modern,Text,Visible,Whether the control is shown.,"Medium, needs per-control verification",https://learn.microsoft.com/en-us/power-apps/maker/canvas-apps/controls/modern-controls/modern-control-text
Modern,Text,X,Horizontal position.,"Medium, needs per-control verification",https://learn.microsoft.com/en-us/power-apps/maker/canvas-apps/controls/modern-controls/modern-control-text
Modern,Text,Y,Vertical position.,"Medium, needs per-control verification",https://learn.microsoft.com/en-us/power-apps/maker/canvas-apps/controls/modern-controls/modern-control-text
Modern,Text,Width,Control width.,"Medium, needs per-control verification",https://learn.microsoft.com/en-us/power-apps/maker/canvas-apps/controls/modern-controls/modern-control-text
Modern,Text,Height,Control height.,"Medium, needs per-control verification",https://learn.microsoft.com/en-us/power-apps/maker/canvas-apps/controls/modern-controls/modern-control-text
Modern,Text,AccessibleLabel,Screen-reader label.,"Medium, needs per-control verification",https://learn.microsoft.com/en-us/power-apps/maker/canvas-apps/controls/modern-controls/modern-control-text
Modern,Text,ContentLanguage,Language tag for control content.,"Medium, needs per-control verification",https://learn.microsoft.com/en-us/power-apps/maker/canvas-apps/controls/modern-controls/modern-control-text
Modern,Text input,Default,Initial value for an input/control before user interaction or reset.,High,https://learn.microsoft.com/en-us/power-apps/maker/canvas-apps/controls/modern-controls/modern-control-text-input
Modern,Text input,Text,"Displayed text or current typed text, depending on control.",High,https://learn.microsoft.com/en-us/power-apps/maker/canvas-apps/controls/modern-controls/modern-control-text-input
Modern,Text input,Placeholder,Placeholder text.,High,https://learn.microsoft.com/en-us/power-apps/maker/canvas-apps/controls/modern-controls/modern-control-text-input
Modern,Text input,Visible,Whether the control is shown.,High,https://learn.microsoft.com/en-us/power-apps/maker/canvas-apps/controls/modern-controls/modern-control-text-input
Modern,Text input,OnChange,Formula run when a value changes.,High,https://learn.microsoft.com/en-us/power-apps/maker/canvas-apps/controls/modern-controls/modern-control-text-input
Modern,Text input,OnSelect,Formula run when user selects/clicks/taps a control.,High,https://learn.microsoft.com/en-us/power-apps/maker/canvas-apps/controls/modern-controls/modern-control-text-input
Modern,Text input,Type,Input type.,High,https://learn.microsoft.com/en-us/power-apps/maker/canvas-apps/controls/modern-controls/modern-control-text-input
Modern,Text input,TriggerOutput,When Text input outputs updates to dependent formulas.,High,https://learn.microsoft.com/en-us/power-apps/maker/canvas-apps/controls/modern-controls/modern-control-text-input
Modern,Text input,MaxLength,Maximum text length.,High,https://learn.microsoft.com/en-us/power-apps/maker/canvas-apps/controls/modern-controls/modern-control-text-input
Modern,Text input,Required,Whether input is required.,High,https://learn.microsoft.com/en-us/power-apps/maker/canvas-apps/controls/modern-controls/modern-control-text-input
Modern,Text input,ValidationState,Validation visual state.,High,https://learn.microsoft.com/en-us/power-apps/maker/canvas-apps/controls/modern-controls/modern-control-text-input
Modern,Text input,DisplayMode,Interaction state of control.,High,https://learn.microsoft.com/en-us/power-apps/maker/canvas-apps/controls/modern-controls/modern-control-text-input
Modern,Text input,Align,Horizontal text/content alignment.,High,https://learn.microsoft.com/en-us/power-apps/maker/canvas-apps/controls/modern-controls/modern-control-text-input
Modern,Text input,X,Horizontal position.,High,https://learn.microsoft.com/en-us/power-apps/maker/canvas-apps/controls/modern-controls/modern-control-text-input
Modern,Text input,Y,Vertical position.,High,https://learn.microsoft.com/en-us/power-apps/maker/canvas-apps/controls/modern-controls/modern-control-text-input
Modern,Text input,Width,Control width.,High,https://learn.microsoft.com/en-us/power-apps/maker/canvas-apps/controls/modern-controls/modern-control-text-input
Modern,Text input,Height,Control height.,High,https://learn.microsoft.com/en-us/power-apps/maker/canvas-apps/controls/modern-controls/modern-control-text-input
Modern,Text input,PaddingTop,Internal top spacing.,High,https://learn.microsoft.com/en-us/power-apps/maker/canvas-apps/controls/modern-controls/modern-control-text-input
Modern,Text input,PaddingBottom,Internal bottom spacing.,High,https://learn.microsoft.com/en-us/power-apps/maker/canvas-apps/controls/modern-controls/modern-control-text-input
Modern,Text input,PaddingLeft,Internal left spacing.,High,https://learn.microsoft.com/en-us/power-apps/maker/canvas-apps/controls/modern-controls/modern-control-text-input
Modern,Text input,PaddingRight,Internal right spacing.,High,https://learn.microsoft.com/en-us/power-apps/maker/canvas-apps/controls/modern-controls/modern-control-text-input
Modern,Text input,Appearance,Modern visual style variant.,High,https://learn.microsoft.com/en-us/power-apps/maker/canvas-apps/controls/modern-controls/modern-control-text-input
Modern,Text input,BasePaletteColor,Modern theme palette base colour.,High,https://learn.microsoft.com/en-us/power-apps/maker/canvas-apps/controls/modern-controls/modern-control-text-input
Modern,Text input,Font,Font family.,High,https://learn.microsoft.com/en-us/power-apps/maker/canvas-apps/controls/modern-controls/modern-control-text-input
Modern,Text input,Size,Text size.,High,https://learn.microsoft.com/en-us/power-apps/maker/canvas-apps/controls/modern-controls/modern-control-text-input
Modern,Text input,Color,Text/foreground colour.,High,https://learn.microsoft.com/en-us/power-apps/maker/canvas-apps/controls/modern-controls/modern-control-text-input
Modern,Text input,FontWeight,Weight of text.,High,https://learn.microsoft.com/en-us/power-apps/maker/canvas-apps/controls/modern-controls/modern-control-text-input
Modern,Text input,Italic,Italic text.,High,https://learn.microsoft.com/en-us/power-apps/maker/canvas-apps/controls/modern-controls/modern-control-text-input
Modern,Text input,Underline,Underlined text.,High,https://learn.microsoft.com/en-us/power-apps/maker/canvas-apps/controls/modern-controls/modern-control-text-input
Modern,Text input,Strikethrough,Strikethrough text.,High,https://learn.microsoft.com/en-us/power-apps/maker/canvas-apps/controls/modern-controls/modern-control-text-input
Modern,Text input,Fill,Background fill colour.,High,https://learn.microsoft.com/en-us/power-apps/maker/canvas-apps/controls/modern-controls/modern-control-text-input
Modern,Text input,BorderColor,Border colour.,High,https://learn.microsoft.com/en-us/power-apps/maker/canvas-apps/controls/modern-controls/modern-control-text-input
Modern,Text input,BorderStyle,Border line style.,High,https://learn.microsoft.com/en-us/power-apps/maker/canvas-apps/controls/modern-controls/modern-control-text-input
Modern,Text input,BorderThickness,Border width.,High,https://learn.microsoft.com/en-us/power-apps/maker/canvas-apps/controls/modern-controls/modern-control-text-input
Modern,Text input,RadiusTopLeft,Top-left corner radius.,High,https://learn.microsoft.com/en-us/power-apps/maker/canvas-apps/controls/modern-controls/modern-control-text-input
Modern,Text input,RadiusTopRight,Top-right corner radius.,High,https://learn.microsoft.com/en-us/power-apps/maker/canvas-apps/controls/modern-controls/modern-control-text-input
Modern,Text input,RadiusBottomLeft,Bottom-left corner radius.,High,https://learn.microsoft.com/en-us/power-apps/maker/canvas-apps/controls/modern-controls/modern-control-text-input
Modern,Text input,RadiusBottomRight,Bottom-right corner radius.,High,https://learn.microsoft.com/en-us/power-apps/maker/canvas-apps/controls/modern-controls/modern-control-text-input
Modern,Text input,AccessibleLabel,Screen-reader label.,High,https://learn.microsoft.com/en-us/power-apps/maker/canvas-apps/controls/modern-controls/modern-control-text-input
Modern,Text input,ContentLanguage,Language tag for control content.,High,https://learn.microsoft.com/en-us/power-apps/maker/canvas-apps/controls/modern-controls/modern-control-text-input
Modern,Toggle,Checked,Control-specific property. Definition should be verified against the current control page or Studio code view.,"Medium, needs per-control verification",https://learn.microsoft.com/en-us/power-apps/maker/canvas-apps/controls/modern-controls/modern-control-toggle
Modern,Toggle,Default,Initial value for an input/control before user interaction or reset.,"Medium, needs per-control verification",https://learn.microsoft.com/en-us/power-apps/maker/canvas-apps/controls/modern-controls/modern-control-toggle
Modern,Toggle,OnChange,Formula run when a value changes.,"Medium, needs per-control verification",https://learn.microsoft.com/en-us/power-apps/maker/canvas-apps/controls/modern-controls/modern-control-toggle
Modern,Toggle,DisplayMode,Interaction state of control.,"Medium, needs per-control verification",https://learn.microsoft.com/en-us/power-apps/maker/canvas-apps/controls/modern-controls/modern-control-toggle
Modern,Toggle,Visible,Whether the control is shown.,"Medium, needs per-control verification",https://learn.microsoft.com/en-us/power-apps/maker/canvas-apps/controls/modern-controls/modern-control-toggle
Modern,Toggle,X,Horizontal position.,"Medium, needs per-control verification",https://learn.microsoft.com/en-us/power-apps/maker/canvas-apps/controls/modern-controls/modern-control-toggle
Modern,Toggle,Y,Vertical position.,"Medium, needs per-control verification",https://learn.microsoft.com/en-us/power-apps/maker/canvas-apps/controls/modern-controls/modern-control-toggle
Modern,Toggle,Width,Control width.,"Medium, needs per-control verification",https://learn.microsoft.com/en-us/power-apps/maker/canvas-apps/controls/modern-controls/modern-control-toggle
Modern,Toggle,Height,Control height.,"Medium, needs per-control verification",https://learn.microsoft.com/en-us/power-apps/maker/canvas-apps/controls/modern-controls/modern-control-toggle
Modern,Toggle,AccessibleLabel,Screen-reader label.,"Medium, needs per-control verification",https://learn.microsoft.com/en-us/power-apps/maker/canvas-apps/controls/modern-controls/modern-control-toggle
Modern,Toggle,ContentLanguage,Language tag for control content.,"Medium, needs per-control verification",https://learn.microsoft.com/en-us/power-apps/maker/canvas-apps/controls/modern-controls/modern-control-toggle
Modern,Toggle,Appearance,Modern visual style variant.,"Medium, needs per-control verification",https://learn.microsoft.com/en-us/power-apps/maker/canvas-apps/controls/modern-controls/modern-control-toggle
Modern,Toggle,BasePaletteColor,Modern theme palette base colour.,"Medium, needs per-control verification",https://learn.microsoft.com/en-us/power-apps/maker/canvas-apps/controls/modern-controls/modern-control-toggle
Classic,Add picture,PROPERTY SET NOT YET FULLY HARVESTED,"Individual Microsoft page exists or is inferred from docs tree, but exact property list needs extraction from Learn/GitHub and Studio code view.",Gap flagged,https://learn.microsoft.com/en-us/power-apps/maker/canvas-apps/controls/control-add-picture
Classic,Attachments,PROPERTY SET NOT YET FULLY HARVESTED,"Individual Microsoft page exists or is inferred from docs tree, but exact property list needs extraction from Learn/GitHub and Studio code view.",Gap flagged,https://learn.microsoft.com/en-us/power-apps/maker/canvas-apps/controls/control-attachments
Classic,Audio,PROPERTY SET NOT YET FULLY HARVESTED,"Individual Microsoft page exists or is inferred from docs tree, but exact property list needs extraction from Learn/GitHub and Studio code view.",Gap flagged,https://learn.microsoft.com/en-us/power-apps/maker/canvas-apps/controls/control-audio-video
Classic,Barcode reader,PROPERTY SET NOT YET FULLY HARVESTED,"Individual Microsoft page exists or is inferred from docs tree, but exact property list needs extraction from Learn/GitHub and Studio code view.",Gap flagged,https://learn.microsoft.com/en-us/power-apps/maker/canvas-apps/controls/control-barcodereader
Classic,Barcode scanner,PROPERTY SET NOT YET FULLY HARVESTED,"Individual Microsoft page exists or is inferred from docs tree, but exact property list needs extraction from Learn/GitHub and Studio code view.",Gap flagged,https://learn.microsoft.com/en-us/power-apps/maker/canvas-apps/controls/control-new-barcode-scanner
Classic,Button,OnSelect,Formula run when user selects/clicks/taps a control.,High,https://learn.microsoft.com/en-us/power-apps/maker/canvas-apps/controls/control-button
Classic,Button,Text,"Displayed text or current typed text, depending on control.",High,https://learn.microsoft.com/en-us/power-apps/maker/canvas-apps/controls/control-button
Classic,Button,Align,Horizontal text/content alignment.,High,https://learn.microsoft.com/en-us/power-apps/maker/canvas-apps/controls/control-button
Classic,Button,AutoDisableOnSelect,Temporarily disables button while OnSelect runs.,High,https://learn.microsoft.com/en-us/power-apps/maker/canvas-apps/controls/control-button
Classic,Button,BorderColor,Border colour.,High,https://learn.microsoft.com/en-us/power-apps/maker/canvas-apps/controls/control-button
Classic,Button,BorderStyle,Border line style.,High,https://learn.microsoft.com/en-us/power-apps/maker/canvas-apps/controls/control-button
Classic,Button,BorderThickness,Border width.,High,https://learn.microsoft.com/en-us/power-apps/maker/canvas-apps/controls/control-button
Classic,Button,Color,Text/foreground colour.,High,https://learn.microsoft.com/en-us/power-apps/maker/canvas-apps/controls/control-button
Classic,Button,ContentLanguage,Language tag for control content.,High,https://learn.microsoft.com/en-us/power-apps/maker/canvas-apps/controls/control-button
Classic,Button,DisplayMode,Interaction state of control.,High,https://learn.microsoft.com/en-us/power-apps/maker/canvas-apps/controls/control-button
Classic,Button,DisabledBorderColor,Border when disabled.,High,https://learn.microsoft.com/en-us/power-apps/maker/canvas-apps/controls/control-button
Classic,Button,DisabledColor,Foreground colour when disabled.,High,https://learn.microsoft.com/en-us/power-apps/maker/canvas-apps/controls/control-button
Classic,Button,DisabledFill,Background when disabled.,High,https://learn.microsoft.com/en-us/power-apps/maker/canvas-apps/controls/control-button
Classic,Button,FocusedBorderColor,Border colour when focused.,High,https://learn.microsoft.com/en-us/power-apps/maker/canvas-apps/controls/control-button
Classic,Button,FocusedBorderThickness,Border thickness when focused.,High,https://learn.microsoft.com/en-us/power-apps/maker/canvas-apps/controls/control-button
Classic,Button,Fill,Background fill colour.,High,https://learn.microsoft.com/en-us/power-apps/maker/canvas-apps/controls/control-button
Classic,Button,Font,Font family.,High,https://learn.microsoft.com/en-us/power-apps/maker/canvas-apps/controls/control-button
Classic,Button,FontWeight,Weight of text.,High,https://learn.microsoft.com/en-us/power-apps/maker/canvas-apps/controls/control-button
Classic,Button,Height,Control height.,High,https://learn.microsoft.com/en-us/power-apps/maker/canvas-apps/controls/control-button
Classic,Button,HoverBorderColor,Border colour on hover.,High,https://learn.microsoft.com/en-us/power-apps/maker/canvas-apps/controls/control-button
Classic,Button,HoverColor,Foreground colour on hover.,High,https://learn.microsoft.com/en-us/power-apps/maker/canvas-apps/controls/control-button
Classic,Button,HoverFill,Background colour on hover.,High,https://learn.microsoft.com/en-us/power-apps/maker/canvas-apps/controls/control-button
Classic,Button,Italic,Italic text.,High,https://learn.microsoft.com/en-us/power-apps/maker/canvas-apps/controls/control-button
Classic,Button,PaddingBottom,Internal bottom spacing.,High,https://learn.microsoft.com/en-us/power-apps/maker/canvas-apps/controls/control-button
Classic,Button,PaddingLeft,Internal left spacing.,High,https://learn.microsoft.com/en-us/power-apps/maker/canvas-apps/controls/control-button
Classic,Button,PaddingRight,Internal right spacing.,High,https://learn.microsoft.com/en-us/power-apps/maker/canvas-apps/controls/control-button
Classic,Button,PaddingTop,Internal top spacing.,High,https://learn.microsoft.com/en-us/power-apps/maker/canvas-apps/controls/control-button
Classic,Button,Pressed,Whether a button/control is being pressed.,High,https://learn.microsoft.com/en-us/power-apps/maker/canvas-apps/controls/control-button
Classic,Button,PressedBorderColor,Border colour when pressed.,High,https://learn.microsoft.com/en-us/power-apps/maker/canvas-apps/controls/control-button
Classic,Button,PressedColor,Foreground colour when pressed.,High,https://learn.microsoft.com/en-us/power-apps/maker/canvas-apps/controls/control-button
Classic,Button,PressedFill,Background when pressed.,High,https://learn.microsoft.com/en-us/power-apps/maker/canvas-apps/controls/control-button
Classic,Button,RadiusBottomLeft,Bottom-left corner radius.,High,https://learn.microsoft.com/en-us/power-apps/maker/canvas-apps/controls/control-button
Classic,Button,RadiusBottomRight,Bottom-right corner radius.,High,https://learn.microsoft.com/en-us/power-apps/maker/canvas-apps/controls/control-button
Classic,Button,RadiusTopLeft,Top-left corner radius.,High,https://learn.microsoft.com/en-us/power-apps/maker/canvas-apps/controls/control-button
Classic,Button,RadiusTopRight,Top-right corner radius.,High,https://learn.microsoft.com/en-us/power-apps/maker/canvas-apps/controls/control-button
Classic,Button,Size,Text size.,High,https://learn.microsoft.com/en-us/power-apps/maker/canvas-apps/controls/control-button
Classic,Button,Strikethrough,Strikethrough text.,High,https://learn.microsoft.com/en-us/power-apps/maker/canvas-apps/controls/control-button
Classic,Button,TabIndex,Keyboard navigation order.,High,https://learn.microsoft.com/en-us/power-apps/maker/canvas-apps/controls/control-button
Classic,Button,Tooltip,Hover/help text.,High,https://learn.microsoft.com/en-us/power-apps/maker/canvas-apps/controls/control-button
Classic,Button,Underline,Underlined text.,High,https://learn.microsoft.com/en-us/power-apps/maker/canvas-apps/controls/control-button
Classic,Button,VerticalAlign,Vertical text/content alignment.,High,https://learn.microsoft.com/en-us/power-apps/maker/canvas-apps/controls/control-button
Classic,Button,Visible,Whether the control is shown.,High,https://learn.microsoft.com/en-us/power-apps/maker/canvas-apps/controls/control-button
Classic,Button,Width,Control width.,High,https://learn.microsoft.com/en-us/power-apps/maker/canvas-apps/controls/control-button
Classic,Button,X,Horizontal position.,High,https://learn.microsoft.com/en-us/power-apps/maker/canvas-apps/controls/control-button
Classic,Button,Y,Vertical position.,High,https://learn.microsoft.com/en-us/power-apps/maker/canvas-apps/controls/control-button
Classic,Camera,PROPERTY SET NOT YET FULLY HARVESTED,"Individual Microsoft page exists or is inferred from docs tree, but exact property list needs extraction from Learn/GitHub and Studio code view.",Gap flagged,https://learn.microsoft.com/en-us/power-apps/maker/canvas-apps/controls/control-camera
Classic,Card,PROPERTY SET NOT YET FULLY HARVESTED,"Individual Microsoft page exists or is inferred from docs tree, but exact property list needs extraction from Learn/GitHub and Studio code view.",Gap flagged,https://learn.microsoft.com/en-us/power-apps/maker/canvas-apps/controls/control-card
Classic,Check box,PROPERTY SET NOT YET FULLY HARVESTED,"Individual Microsoft page exists or is inferred from docs tree, but exact property list needs extraction from Learn/GitHub and Studio code view.",Gap flagged,https://learn.microsoft.com/en-us/power-apps/maker/canvas-apps/controls/control-check-box
Classic,Column chart,PROPERTY SET NOT YET FULLY HARVESTED,"Individual Microsoft page exists or is inferred from docs tree, but exact property list needs extraction from Learn/GitHub and Studio code view.",Gap flagged,https://learn.microsoft.com/en-us/power-apps/maker/canvas-apps/controls/control-column-line-chart
Classic,Line chart,PROPERTY SET NOT YET FULLY HARVESTED,"Individual Microsoft page exists or is inferred from docs tree, but exact property list needs extraction from Learn/GitHub and Studio code view.",Gap flagged,https://learn.microsoft.com/en-us/power-apps/maker/canvas-apps/controls/control-column-line-chart
Classic,Column,PROPERTY SET NOT YET FULLY HARVESTED,"Individual Microsoft page exists or is inferred from docs tree, but exact property list needs extraction from Learn/GitHub and Studio code view.",Gap flagged,https://learn.microsoft.com/en-us/power-apps/maker/canvas-apps/controls/control-column
Classic,Combo box,PROPERTY SET NOT YET FULLY HARVESTED,"Individual Microsoft page exists or is inferred from docs tree, but exact property list needs extraction from Learn/GitHub and Studio code view.",Gap flagged,https://learn.microsoft.com/en-us/power-apps/maker/canvas-apps/controls/control-combo-box
Classic,Container,PROPERTY SET NOT YET FULLY HARVESTED,"Individual Microsoft page exists or is inferred from docs tree, but exact property list needs extraction from Learn/GitHub and Studio code view.",Gap flagged,https://learn.microsoft.com/en-us/power-apps/maker/canvas-apps/controls/control-container
Classic,Data table,PROPERTY SET NOT YET FULLY HARVESTED,"Individual Microsoft page exists or is inferred from docs tree, but exact property list needs extraction from Learn/GitHub and Studio code view.",Gap flagged,https://learn.microsoft.com/en-us/power-apps/maker/canvas-apps/controls/control-data-table
Classic,Date Picker,PROPERTY SET NOT YET FULLY HARVESTED,"Individual Microsoft page exists or is inferred from docs tree, but exact property list needs extraction from Learn/GitHub and Studio code view.",Gap flagged,https://learn.microsoft.com/en-us/power-apps/maker/canvas-apps/controls/control-date-picker
Classic,Drop down,PROPERTY SET NOT YET FULLY HARVESTED,"Individual Microsoft page exists or is inferred from docs tree, but exact property list needs extraction from Learn/GitHub and Studio code view.",Gap flagged,https://learn.microsoft.com/en-us/power-apps/maker/canvas-apps/controls/control-drop-down
Classic,Export,PROPERTY SET NOT YET FULLY HARVESTED,"Individual Microsoft page exists or is inferred from docs tree, but exact property list needs extraction from Learn/GitHub and Studio code view.",Gap flagged,https://learn.microsoft.com/en-us/power-apps/maker/canvas-apps/controls/control-export-import
Classic,Import,PROPERTY SET NOT YET FULLY HARVESTED,"Individual Microsoft page exists or is inferred from docs tree, but exact property list needs extraction from Learn/GitHub and Studio code view.",Gap flagged,https://learn.microsoft.com/en-us/power-apps/maker/canvas-apps/controls/control-export-import
Classic,Display form,PROPERTY SET NOT YET FULLY HARVESTED,"Individual Microsoft page exists or is inferred from docs tree, but exact property list needs extraction from Learn/GitHub and Studio code view.",Gap flagged,https://learn.microsoft.com/en-us/power-apps/maker/canvas-apps/controls/control-form-detail
Classic,Edit form,PROPERTY SET NOT YET FULLY HARVESTED,"Individual Microsoft page exists or is inferred from docs tree, but exact property list needs extraction from Learn/GitHub and Studio code view.",Gap flagged,https://learn.microsoft.com/en-us/power-apps/maker/canvas-apps/controls/control-form-detail
Classic,Gallery,PROPERTY SET NOT YET FULLY HARVESTED,"Individual Microsoft page exists or is inferred from docs tree, but exact property list needs extraction from Learn/GitHub and Studio code view.",Gap flagged,https://learn.microsoft.com/en-us/power-apps/maker/canvas-apps/controls/control-gallery
Classic,Grid container,PROPERTY SET NOT YET FULLY HARVESTED,"Individual Microsoft page exists or is inferred from docs tree, but exact property list needs extraction from Learn/GitHub and Studio code view.",Gap flagged,https://learn.microsoft.com/en-us/power-apps/maker/canvas-apps/controls/control-grid-layout
Classic,Horizontal container,PROPERTY SET NOT YET FULLY HARVESTED,"Individual Microsoft page exists or is inferred from docs tree, but exact property list needs extraction from Learn/GitHub and Studio code view.",Gap flagged,https://learn.microsoft.com/en-us/power-apps/maker/canvas-apps/controls/control-horizontal-container
Classic,HTML text,PROPERTY SET NOT YET FULLY HARVESTED,"Individual Microsoft page exists or is inferred from docs tree, but exact property list needs extraction from Learn/GitHub and Studio code view.",Gap flagged,https://learn.microsoft.com/en-us/power-apps/maker/canvas-apps/controls/control-html-text
Classic,Image,PROPERTY SET NOT YET FULLY HARVESTED,"Individual Microsoft page exists or is inferred from docs tree, but exact property list needs extraction from Learn/GitHub and Studio code view.",Gap flagged,https://learn.microsoft.com/en-us/power-apps/maker/canvas-apps/controls/control-image
Classic,List Box,PROPERTY SET NOT YET FULLY HARVESTED,"Individual Microsoft page exists or is inferred from docs tree, but exact property list needs extraction from Learn/GitHub and Studio code view.",Gap flagged,https://learn.microsoft.com/en-us/power-apps/maker/canvas-apps/controls/control-list-box
Classic,Microphone,PROPERTY SET NOT YET FULLY HARVESTED,"Individual Microsoft page exists or is inferred from docs tree, but exact property list needs extraction from Learn/GitHub and Studio code view.",Gap flagged,https://learn.microsoft.com/en-us/power-apps/maker/canvas-apps/controls/control-microphone
Classic,PDF viewer,PROPERTY SET NOT YET FULLY HARVESTED,"Individual Microsoft page exists or is inferred from docs tree, but exact property list needs extraction from Learn/GitHub and Studio code view.",Gap flagged,https://learn.microsoft.com/en-us/power-apps/maker/canvas-apps/controls/control-pdf-viewer
Classic,Pen input,PROPERTY SET NOT YET FULLY HARVESTED,"Individual Microsoft page exists or is inferred from docs tree, but exact property list needs extraction from Learn/GitHub and Studio code view.",Gap flagged,https://learn.microsoft.com/en-us/power-apps/maker/canvas-apps/controls/control-pen-input
Classic,Pie chart,PROPERTY SET NOT YET FULLY HARVESTED,"Individual Microsoft page exists or is inferred from docs tree, but exact property list needs extraction from Learn/GitHub and Studio code view.",Gap flagged,https://learn.microsoft.com/en-us/power-apps/maker/canvas-apps/controls/control-pie-chart
Classic,Power BI tile,PROPERTY SET NOT YET FULLY HARVESTED,"Individual Microsoft page exists or is inferred from docs tree, but exact property list needs extraction from Learn/GitHub and Studio code view.",Gap flagged,https://learn.microsoft.com/en-us/power-apps/maker/canvas-apps/controls/control-power-bi-tile
Classic,Radio,PROPERTY SET NOT YET FULLY HARVESTED,"Individual Microsoft page exists or is inferred from docs tree, but exact property list needs extraction from Learn/GitHub and Studio code view.",Gap flagged,https://learn.microsoft.com/en-us/power-apps/maker/canvas-apps/controls/control-radio
Classic,Rating,PROPERTY SET NOT YET FULLY HARVESTED,"Individual Microsoft page exists or is inferred from docs tree, but exact property list needs extraction from Learn/GitHub and Studio code view.",Gap flagged,https://learn.microsoft.com/en-us/power-apps/maker/canvas-apps/controls/control-rating
Classic,Rich text editor,PROPERTY SET NOT YET FULLY HARVESTED,"Individual Microsoft page exists or is inferred from docs tree, but exact property list needs extraction from Learn/GitHub and Studio code view.",Gap flagged,https://learn.microsoft.com/en-us/power-apps/maker/canvas-apps/controls/control-richtexteditor
Classic,Screen,PROPERTY SET NOT YET FULLY HARVESTED,"Individual Microsoft page exists or is inferred from docs tree, but exact property list needs extraction from Learn/GitHub and Studio code view.",Gap flagged,https://learn.microsoft.com/en-us/power-apps/maker/canvas-apps/controls/control-screen
Classic,Shape,PROPERTY SET NOT YET FULLY HARVESTED,"Individual Microsoft page exists or is inferred from docs tree, but exact property list needs extraction from Learn/GitHub and Studio code view.",Gap flagged,https://learn.microsoft.com/en-us/power-apps/maker/canvas-apps/controls/control-shapes-icons
Classic,Icon,PROPERTY SET NOT YET FULLY HARVESTED,"Individual Microsoft page exists or is inferred from docs tree, but exact property list needs extraction from Learn/GitHub and Studio code view.",Gap flagged,https://learn.microsoft.com/en-us/power-apps/maker/canvas-apps/controls/control-shapes-icons
Classic,Label,PROPERTY SET NOT YET FULLY HARVESTED,"Individual Microsoft page exists or is inferred from docs tree, but exact property list needs extraction from Learn/GitHub and Studio code view.",Gap flagged,https://learn.microsoft.com/en-us/power-apps/maker/canvas-apps/controls/control-text-box
Classic,Slider,PROPERTY SET NOT YET FULLY HARVESTED,"Individual Microsoft page exists or is inferred from docs tree, but exact property list needs extraction from Learn/GitHub and Studio code view.",Gap flagged,https://learn.microsoft.com/en-us/power-apps/maker/canvas-apps/controls/control-slider
Classic,Text input,Default,Initial value for an input/control before user interaction or reset.,High,https://learn.microsoft.com/en-us/power-apps/maker/canvas-apps/controls/control-text-input
Classic,Text input,Text,"Displayed text or current typed text, depending on control.",High,https://learn.microsoft.com/en-us/power-apps/maker/canvas-apps/controls/control-text-input
Classic,Text input,AccessibleLabel,Screen-reader label.,High,https://learn.microsoft.com/en-us/power-apps/maker/canvas-apps/controls/control-text-input
Classic,Text input,Align,Horizontal text/content alignment.,High,https://learn.microsoft.com/en-us/power-apps/maker/canvas-apps/controls/control-text-input
Classic,Text input,BorderColor,Border colour.,High,https://learn.microsoft.com/en-us/power-apps/maker/canvas-apps/controls/control-text-input
Classic,Text input,BorderStyle,Border line style.,High,https://learn.microsoft.com/en-us/power-apps/maker/canvas-apps/controls/control-text-input
Classic,Text input,BorderThickness,Border width.,High,https://learn.microsoft.com/en-us/power-apps/maker/canvas-apps/controls/control-text-input
Classic,Text input,Clear,Shows clear button.,High,https://learn.microsoft.com/en-us/power-apps/maker/canvas-apps/controls/control-text-input
Classic,Text input,Color,Text/foreground colour.,High,https://learn.microsoft.com/en-us/power-apps/maker/canvas-apps/controls/control-text-input
Classic,Text input,DelayOutput,Delay text output until user pauses typing.,High,https://learn.microsoft.com/en-us/power-apps/maker/canvas-apps/controls/control-text-input
Classic,Text input,DisplayMode,Interaction state of control.,High,https://learn.microsoft.com/en-us/power-apps/maker/canvas-apps/controls/control-text-input
Classic,Text input,DisabledBorderColor,Border when disabled.,High,https://learn.microsoft.com/en-us/power-apps/maker/canvas-apps/controls/control-text-input
Classic,Text input,DisabledColor,Foreground colour when disabled.,High,https://learn.microsoft.com/en-us/power-apps/maker/canvas-apps/controls/control-text-input
Classic,Text input,DisabledFill,Background when disabled.,High,https://learn.microsoft.com/en-us/power-apps/maker/canvas-apps/controls/control-text-input
Classic,Text input,EnableSpellCheck,Spellchecking.,High,https://learn.microsoft.com/en-us/power-apps/maker/canvas-apps/controls/control-text-input
Classic,Text input,Fill,Background fill colour.,High,https://learn.microsoft.com/en-us/power-apps/maker/canvas-apps/controls/control-text-input
Classic,Text input,FocusedBorderColor,Border colour when focused.,High,https://learn.microsoft.com/en-us/power-apps/maker/canvas-apps/controls/control-text-input
Classic,Text input,FocusedBorderThickness,Border thickness when focused.,High,https://learn.microsoft.com/en-us/power-apps/maker/canvas-apps/controls/control-text-input
Classic,Text input,Font,Font family.,High,https://learn.microsoft.com/en-us/power-apps/maker/canvas-apps/controls/control-text-input
Classic,Text input,FontWeight,Weight of text.,High,https://learn.microsoft.com/en-us/power-apps/maker/canvas-apps/controls/control-text-input
Classic,Text input,Format,Data/text format.,High,https://learn.microsoft.com/en-us/power-apps/maker/canvas-apps/controls/control-text-input
Classic,Text input,Height,Control height.,High,https://learn.microsoft.com/en-us/power-apps/maker/canvas-apps/controls/control-text-input
Classic,Text input,HintText,Placeholder/hint text.,High,https://learn.microsoft.com/en-us/power-apps/maker/canvas-apps/controls/control-text-input
Classic,Text input,HoverBorderColor,Border colour on hover.,High,https://learn.microsoft.com/en-us/power-apps/maker/canvas-apps/controls/control-text-input
Classic,Text input,HoverColor,Foreground colour on hover.,High,https://learn.microsoft.com/en-us/power-apps/maker/canvas-apps/controls/control-text-input
Classic,Text input,HoverFill,Background colour on hover.,High,https://learn.microsoft.com/en-us/power-apps/maker/canvas-apps/controls/control-text-input
Classic,Text input,Italic,Italic text.,High,https://learn.microsoft.com/en-us/power-apps/maker/canvas-apps/controls/control-text-input
Classic,Text input,LineHeight,Height of each text line.,High,https://learn.microsoft.com/en-us/power-apps/maker/canvas-apps/controls/control-text-input
Classic,Text input,MaxLength,Maximum text length.,High,https://learn.microsoft.com/en-us/power-apps/maker/canvas-apps/controls/control-text-input
Classic,Text input,Mode,Control mode.,High,https://learn.microsoft.com/en-us/power-apps/maker/canvas-apps/controls/control-text-input
Classic,Text input,OnChange,Formula run when a value changes.,High,https://learn.microsoft.com/en-us/power-apps/maker/canvas-apps/controls/control-text-input
Classic,Text input,OnSelect,Formula run when user selects/clicks/taps a control.,High,https://learn.microsoft.com/en-us/power-apps/maker/canvas-apps/controls/control-text-input
Classic,Text input,PaddingBottom,Internal bottom spacing.,High,https://learn.microsoft.com/en-us/power-apps/maker/canvas-apps/controls/control-text-input
Classic,Text input,PaddingLeft,Internal left spacing.,High,https://learn.microsoft.com/en-us/power-apps/maker/canvas-apps/controls/control-text-input
Classic,Text input,PaddingRight,Internal right spacing.,High,https://learn.microsoft.com/en-us/power-apps/maker/canvas-apps/controls/control-text-input
Classic,Text input,PaddingTop,Internal top spacing.,High,https://learn.microsoft.com/en-us/power-apps/maker/canvas-apps/controls/control-text-input
Classic,Text input,PressedBorderColor,Border colour when pressed.,High,https://learn.microsoft.com/en-us/power-apps/maker/canvas-apps/controls/control-text-input
Classic,Text input,PressedColor,Foreground colour when pressed.,High,https://learn.microsoft.com/en-us/power-apps/maker/canvas-apps/controls/control-text-input
Classic,Text input,PressedFill,Background when pressed.,High,https://learn.microsoft.com/en-us/power-apps/maker/canvas-apps/controls/control-text-input
Classic,Text input,RadiusBottomLeft,Bottom-left corner radius.,High,https://learn.microsoft.com/en-us/power-apps/maker/canvas-apps/controls/control-text-input
Classic,Text input,RadiusBottomRight,Bottom-right corner radius.,High,https://learn.microsoft.com/en-us/power-apps/maker/canvas-apps/controls/control-text-input
Classic,Text input,RadiusTopLeft,Top-left corner radius.,High,https://learn.microsoft.com/en-us/power-apps/maker/canvas-apps/controls/control-text-input
Classic,Text input,RadiusTopRight,Top-right corner radius.,High,https://learn.microsoft.com/en-us/power-apps/maker/canvas-apps/controls/control-text-input
Classic,Text input,Reset,"When true, resets control to default value.",High,https://learn.microsoft.com/en-us/power-apps/maker/canvas-apps/controls/control-text-input
Classic,Text input,Size,Text size.,High,https://learn.microsoft.com/en-us/power-apps/maker/canvas-apps/controls/control-text-input
Classic,Text input,Strikethrough,Strikethrough text.,High,https://learn.microsoft.com/en-us/power-apps/maker/canvas-apps/controls/control-text-input
Classic,Text input,TabIndex,Keyboard navigation order.,High,https://learn.microsoft.com/en-us/power-apps/maker/canvas-apps/controls/control-text-input
Classic,Text input,Tooltip,Hover/help text.,High,https://learn.microsoft.com/en-us/power-apps/maker/canvas-apps/controls/control-text-input
Classic,Text input,Underline,Underlined text.,High,https://learn.microsoft.com/en-us/power-apps/maker/canvas-apps/controls/control-text-input
Classic,Text input,VirtualKeyboardMode,Mobile virtual keyboard preference.,High,https://learn.microsoft.com/en-us/power-apps/maker/canvas-apps/controls/control-text-input
Classic,Text input,Visible,Whether the control is shown.,High,https://learn.microsoft.com/en-us/power-apps/maker/canvas-apps/controls/control-text-input
Classic,Text input,Width,Control width.,High,https://learn.microsoft.com/en-us/power-apps/maker/canvas-apps/controls/control-text-input
Classic,Text input,X,Horizontal position.,High,https://learn.microsoft.com/en-us/power-apps/maker/canvas-apps/controls/control-text-input
Classic,Text input,Y,Vertical position.,High,https://learn.microsoft.com/en-us/power-apps/maker/canvas-apps/controls/control-text-input
Classic,Timer,PROPERTY SET NOT YET FULLY HARVESTED,"Individual Microsoft page exists or is inferred from docs tree, but exact property list needs extraction from Learn/GitHub and Studio code view.",Gap flagged,https://learn.microsoft.com/en-us/power-apps/maker/canvas-apps/controls/control-timer
Classic,Toggle,PROPERTY SET NOT YET FULLY HARVESTED,"Individual Microsoft page exists or is inferred from docs tree, but exact property list needs extraction from Learn/GitHub and Studio code view.",Gap flagged,https://learn.microsoft.com/en-us/power-apps/maker/canvas-apps/controls/control-toggle
Classic,Vertical container,PROPERTY SET NOT YET FULLY HARVESTED,"Individual Microsoft page exists or is inferred from docs tree, but exact property list needs extraction from Learn/GitHub and Studio code view.",Gap flagged,https://learn.microsoft.com/en-us/power-apps/maker/canvas-apps/controls/control-vertical-container
Classic,Video,PROPERTY SET NOT YET FULLY HARVESTED,"Individual Microsoft page exists or is inferred from docs tree, but exact property list needs extraction from Learn/GitHub and Studio code view.",Gap flagged,https://learn.microsoft.com/en-us/power-apps/maker/canvas-apps/controls/control-audio-video
